image,SAM_IoU,YOLO_IoU
104.png,0.8804016620498615,0.8795091
121.png,0.8877756632710175,0.79420763
123.png,0.8278837420526793,0.9091406
126.png,0.9539780137879634,0.8527873
128.png,0.9518911220129768,0.91355556
139.png,0.9721673809409159,0.8836576
140.png,0.9731721059246738,0.8798587
163.png,0.9523538344722855,0.89119583
171.png,0.9520958083832335,0.9036457
172.png,0.8954227590591227,0.9520532
18.png,0.9529224851576219,0.82459587
184.png,0.8886674259681093,0.2250774
185.png,0.9253731343283582,0.91620255
189.png,0.9011976047904192,0.9313591
192.png,0.9238031018206339,0.8598784
193.png,0.8719193427931292,0.86017436
201.png,0.7800330777326718,0.46062624
213.png,0.8258438930891279,0.7491987
227.png,0.868564506359782,0.937221
242.png,0.824808935920047,0.93306416
246.png,0.7830106518389496,0.86912805
249.png,0.8589648646424751,0.8273131
276.png,0.7912415120374742,0.9069034
282.png,0.9316697761194029,0.8892773
298.png,0.8971386647101981,0.78629434
30.png,0.9081191967177715,0.92974395
301.png,0.8824099499273138,0.7173227
304.png,0.896854204476709,0.8491359
309.png,0.8419488026424443,0.67898226
313.png,0.7342824601366743,0.78477484
324.png,0.9320503330866026,0.86304563
342.png,0.9454723685822816,0.9557975
352.png,0.7208864729249425,0.6528523
355.png,0.9090727816550349,0.9249374
366.png,0.9037999037999038,0.91499287
37.png,0.9110433190970104,0.8995555
409.png,0.9374676288802182,0.8467932
412.png,0.8947294051151617,0.91129595
416.png,0.9388661439178405,0.8789454
43.png,0.9189048691734535,0.8914966
432.png,0.9123342454220165,0.9390973
435.png,0.9371868507882195,0.90806395
440.png,0.8758665162018379,0.79056925
448.png,0.9104563835932987,0.820818
45.png,0.9462416002500391,0.9210074
486.png,0.8895228215767634,0.90931123
489.png,0.8337175188600168,0.8671655
512.png,0.9428201065821691,0.87015384
517.png,0.9250309092952681,0.8538456
522.png,0.9466095089633672,0.9045907
565.png,0.1662722502315053,0.078968324
594.png,0.9404969485614647,0.8495408
601.png,0.9361803460866804,0.8828798
608.png,0.7855699855699856,0.7086358
65.png,0.9160409556313993,0.8017738
68.png,0.7447062332239786,0.6496415
73.png,0.376825100963032,0.044483595
78.png,0.9383629191321499,0.8634096
86.png,0.9110142118863049,0.8806135
90.png,0.9444968850292619,0.9294766
92.png,0.9277406582529077,0.8414703
93.png,0.8503845257515731,0.8911678
101.png,0.9191652674502279,0.9157593
11.png,0.8893587247505476,0.91395706
110.png,0.8957536164255716,0.927428
112.png,0.9077965480932106,0.85930854
113.png,0.9219800914716169,0.9366014
139.png,0.7583047765578013,0.93192667
141.png,0.892311723311873,0.9424382
146.png,0.8957263936970276,0.8279964
150.png,0.9098060739114526,0.85530746
163.png,0.9070988358822186,0.86976516
170.png,0.8417209475998838,0.9215198
172.png,0.9165496254681648,0.8790799
190.png,0.8803384367445608,0.82152957
199.png,0.88058816554014,0.8254599
20.png,0.904905540561994,0.9254617
201.png,0.9310253699788583,0.91699237
206.png,0.762046908315565,0.80479294
211.png,0.7319324151639927,0.8838646
225.png,0.8397526005060444,0.8229612
254.png,0.9282642689601251,0.963122
256.png,0.9177346515317955,0.8754988
292.png,0.6638537271448663,0.35209632
294.png,0.8088992974238876,0.91135114
305.png,0.9203294388586193,0.84632254
331.png,0.957459357835367,0.93609375
350.png,0.7831455805892548,0.7461036
358.png,0.8001453488372093,0.74268824
370.png,0.8261044176706828,0.8868431
371.png,0.7218430034129693,0.76452625
377.png,0.8402474526928675,0.861259
51.png,0.896928051738076,0.89218074
56.png,0.8103881597319185,0.8658133
69.png,0.8027522935779816,0.8022617
72.png,0.8643825589906242,0.8766599
88.png,0.8727598566308243,0.88630956
90.png,0.8127490039840638,0.82072896
cju0s690hkp960855tjuaqvv0.jpg,0.9225192922285447,0.9085413
cju15ptjtppz40988odsm9azx.jpg,0.32351431961771593,0.3417553
cju160wshltz10993i1gmqxbe.jpg,0.8293114693002889,0.92413396
cju16d65tzw9d0799ouslsw25.jpg,0.8825303420375138,0.9180282
cju16jgnyzp970878melv7r25.jpg,0.8908193076346338,0.8778748
cju1819curo000988pd5xcqme.jpg,0.8915211970074813,0.8469123
cju1871y11d6r0799k6cw4yze.jpg,0.9435061295118325,0.9091425
cju1cqc7n4gpy0855jt246k68.jpg,0.8545735237360093,0.91368794
cju1dfeupuzlw0835gnxip369.jpg,0.9357310603579749,0.9386095
cju1dg44i4z3w0801nyz4p6zf.jpg,0.8036957686127477,0.7112245
cju1egh885m1l0855ci1lt37c.jpg,0.8800825342881418,0.83859086
cju1euuc65wm00799m4sjdnnn.jpg,0.9083795239647864,0.8328502
cju1f5x1164xv08555654c24r.jpg,0.9318077064896755,0.18161051
cju1ffnjn6ctm08015perkg37.jpg,0.8880715056868111,0.8676773
cju1fj6axwfp30835ukhuzhw9.jpg,0.895203293509082,0.49265787
cju1gghyjwxt80835vx0wgxw0.jpg,0.862484680223106,0.8892502
cju2hdr06v2bq0799mbm3bks1.jpg,0.9534674833767887,0.4485168
cju2i8br1vqtd08784u6vmcjk.jpg,0.9572530984488269,0.9550154
cju2nguelpmlj0835rojdn097.jpg,0.9353802602210246,0.9619781
cju2nsmwjlzyl0993jl80chvz.jpg,0.9333445642407907,0.97896326
cju2oi8sq0i2y0801mektzvw8.jpg,0.4715537479452787,0.88957
cju2r6mt2om21099352pny5gw.jpg,0.966992701454744,0.9463552
cju2rlqdnoz9k0993cpjae3x0.jpg,0.8917100242802636,0.95836365
cju2s2527pfyr0993l3h1149a.jpg,0.8998697003107147,0.8620492
cju2srvy5440s0801y1ba9akr.jpg,0.8498316438804097,0.49632832
cju2sxf3iqbpv09937iksn8ep.jpg,0.8877429909540001,0.8666935
cju2t16vuucaq0835xcpsivn2.jpg,0.9305392858692351,0.9005422
cju2t62nq45jl0799odpufwx6.jpg,0.9441201365984647,0.8397642
cju2tpfa5uyx408359datxqqj.jpg,0.886575597981128,0.88837695
cju2txjfzv60w098839dcimys.jpg,0.9067819630568634,0.90877795
cju2uzabhs6er0993x3aaf87p.jpg,0.3424637554330387,0.24196012
cju2y8s56ymqr083541ggdsml.jpg,0.8714173104209365,0.89240825
cju2z1nxlzaj40835wj81s1iy.jpg,0.8485713550909137,0.9194617
cju2z6ez69g4u0801qwt088lw.jpg,0.8422188300919644,0.6870436
cju2zpw4q9vzr0801p0lysjdl.jpg,0.8893294563397656,0.8226943
cju2zxja9w1eh09933609ho9z.jpg,0.9181948652527507,0.9527637
cju32srle1xfq083575i3fl75.jpg,0.9118760607511206,0.88838625
cju33231uy4gi0993qc7b1jch.jpg,0.3294103919051826,0.3681276
cju33belnbyhm0878yxl42233.jpg,0.5456567298233609,0.2285373
cju34c1xfyz920993itxkkfad.jpg,0.8707972239203136,0.9260854
cju34i3qvcyog0855qiejxx5w.jpg,0.8659585999676711,0.8569873
cju34ouumcznz07996gg1xq7v.jpg,0.9353003228590608,0.9451882
cju34uhepd3dd0799hs8782ad.jpg,0.10183988400975577,0.08938911
cju353d1eda8c07992afde611.jpg,0.8985414534288638,0.21804464
cju35fxqyzt5p0993vusm54qz.jpg,0.8860669667033931,0.9452064
cju35k2fr3vc50988c85qkrwg.jpg,0.5035839000183789,0.19573012
cju3y21quj0ir0818kgjagr15.jpg,0.5511107399365291,0.60929
cju41z76wlgbz0801qdetlvby.jpg,0.8779126653379236,0.90004253
cju42dwedlmk60871jbgu4ehi.jpg,0.933482717857332,0.9336656
cju42romflni20817etb9a0fl.jpg,0.7930309213624235,0.79099756
cju5clr68b48r0755cmuvponm.jpg,0.9026691452421872,0.9009229
cju5i5oh2efg60987ez6cpf72.jpg,0.9317120168165363,0.88204247
cju5ktjwofed70817eg58ef7u.jpg,0.9001155644271681,0.84597975
cju5thdbrjp1108715xdfx356.jpg,0.8581708449396471,0.8644642
cju5uxjnol2r509871qv2yeia.jpg,0.8870111731843575,0.91097283
cju5wkonqlrl409877y8zvnub.jpg,0.8189303953635164,0.7618338
cju5x7iskmad90818frchyfwd.jpg,0.9194327932378052,0.6156021
cju5xjn5mm78b09871spyqhhr.jpg,0.7496840118918342,0.9148743
cju5yimthmlv80850zhoc90c2.jpg,0.8662335402285516,0.89886934
cju5ymyd8mmdc0801ry3by1xr.jpg,0.78125,0.8687788
cju6vta3kvazg0817qbeppjtm.jpg,0.9400296832943426,0.9001859
cju6wuojavt740818b5qcv3iw.jpg,0.9213683010262258,0.95436287
cju6xlygpw7bs0818n691jsq4.jpg,0.759929056110969,0.91961825
cju6yywx1whbb0871ksgfgf9f.jpg,0.895561903434822,0.90167254
cju772304yw5t0818vbw8kkjf.jpg,0.8626680837299571,0.91030335
cju77re6fz5bb0817vp9redjg.jpg,0.650367714094694,0.6813023
cju7ae7bq1f820987toc8si1d.jpg,0.8714710252600297,0.88589954
cju7ajnbo1gvm098749rdouk0.jpg,0.960101258170552,0.6699779
cju7bduyq1rjf08719giru9ho.jpg,0.9385924680222189,0.9203037
cju7bmi1v1pnj0987pa52jjok.jpg,0.8915174809364274,0.82831246
cju7cq6su27qv075574dir0r3.jpg,0.9362798933142076,0.91873544
cju7d7aut2a2p0818z4uxc6cd.jpg,0.8458381218190774,0.88548505
cju7dlk532dsh0871zvr6qz0r.jpg,0.8203609354858511,0.83142763
cju7dsrtb2f8i085064kwugfk.jpg,0.9002664495596181,0.8642729
cju7dwe282dc309876rco45ts.jpg,0.9065757197180402,0.96150035
cju7dxffn2eam0817qxosfwch.jpg,0.48924923557348254,0.42935494
cju7etr3y2p4t0801cdzjj8ab.jpg,0.7840619364467384,0.81661284
cju7ey10f2rvf0871bwbi9x82.jpg,0.8970520919161402,0.9367745
cju7fbndk2sl608015ravktum.jpg,0.9274309344667164,0.96601194
cju84dsvaklpx098750hp83x4.jpg,0.5506618347298653,0.78375846
cju84ffdzkrjn08183jh1fxmb.jpg,0.7980386147716825,0.7355471
cju84hibuktj80871u519o71q.jpg,0.9414393660154811,0.8867041
cju85qefyln6v0850szeb9byi.jpg,0.8832208030748823,0.4636897
cju87nkyrnb970801q84m47yt.jpg,0.7527903776565924,0.77564704
cju887ftknop008177nnjt46y.jpg,0.8654099759522147,0.84599537
cju88k75inzyb0850ccv5x3vk.jpg,0.9143468070233151,0.701571
cju88t4fvokxf07558ymyh281.jpg,0.9153878058896724,0.92467415
cju88z8bson4h0871nnd7fdxo.jpg,0.9460275407411971,0.9253624
cju892fesoq2g0801n0e0jyia.jpg,0.8848247332897888,0.9704108
cju8apjewqrk00801k5d71gky.jpg,0.9394236798342466,0.96374506
cju8axq24r4an0755yhv9d4ly.jpg,0.9144151703305924,0.84196687
cju8c2rqzs5t80850d0zky5dy.jpg,0.6272058171499513,0.6436347
cju8c9akjsdjj0850s67uzlxq.jpg,0.9513538320330427,0.95494366
cju8clorgsuwn08714toqb7v6.jpg,0.8876138206311588,0.82462317
cjyzk8qieoboa0848ogj51wwm.jpg,0.8109370202735493,0.8976963
cjyztzaqtrv430848l8xgcerw.jpg,0.9099837968614742,0.8632478
cjyzufihqquiw0a46jatrbwln.jpg,0.8872627178901553,0.9438759
cjz14qsk2wci60794un9ozwmw.jpg,0.9600151362260343,0.9661283